day,alarm
1,1712751570.0
2,1712841886.0
3,1712930577.0
4,1713018602.0
5,1713106263.0
6,1713193693.0
7,1713280964.0
8,1713368118.0
9,1713455184.0
10,1713542179.0
11,1713629118.0
12,1713716009.0
13,1713802861.0
14,1713889680.0
15,1713976470.0
16,1714063235.0
17,1714149977.0
18,1714236700.0
19,1714323406.0
20,1714410095.0
21,1714496771.0
22,1714583434.0
23,1714670085.0
24,1714756726.0
25,1714843356.0
26,1714929978.0
27,1715016591.0
28,1715103196.0
29,1715189795.0
30,1715276386.0
31,1715362972.0
32,1715449551.0
33,1715536125.0
34,1715622693.0
35,1715709257.0
36,1715795816.0
37,1715882371.0
38,1715968922.0
39,1716055469.0
40,1716142012.0
41,1716228551.0
42,1716315087.0
43,1716401620.0
44,1716488150.0
45,1716574677.0
46,1716661201.0
47,1716747723.0
48,1716834242.0
49,1716920758.0
50,1717007272.0
51,1717093784.0
52,1717180294.0
53,1717266802.0
54,1717353307.0
55,1717439811.0
56,1717526313.0
57,1717612813.0
58,1717699311.0
59,1717785808.0
60,1717872303.0
61,1717958796.0
62,1718045288.0
63,1718131778.0
64,1718218267.0
65,1718304755.0
66,1718391241.0
67,1718477726.0
68,1718564210.0
69,1718650692.0
70,1718737173.0
71,1718823654.0
72,1718910133.0
73,1718996611.0
74,1719083087.0
75,1719169563.0
76,1719256038.0
77,1719342512.0
78,1719428985.0
79,1719515457.0
80,1719601928.0
81,1719688398.0
82,1719774867.0
83,1719861336.0
84,1719947804.0
85,1720034270.0
86,1720120737.0
87,1720207202.0
88,1720293666.0
89,1720380130.0
90,1720466593.0
91,1720553056.0
92,1720639518.0
93,1720725979.0
94,1720812439.0
95,1720898899.0
96,1720985358.0
97,1721071817.0
98,1721158275.0
99,1721244732.0
100,1721331189.0
101,1721417645.0
102,1721504101.0
103,1721590556.0
104,1721677010.0
105,1721763464.0
106,1721849918.0
107,1721936371.0
108,1722022824.0
109,1722109276.0
110,1722195727.0
111,1722282178.0
112,1722368629.0
113,1722455079.0
114,1722541529.0
115,1722627978.0
116,1722714427.0
117,1722800876.0
118,1722887324.0
119,1722973772.0
120,1723060219.0
121,1723146666.0
122,1723233112.0
123,1723319558.0
124,1723406004.0
125,1723492449.0
126,1723578894.0
127,1723665339.0
128,1723751783.0
129,1723838227.0
130,1723924671.0
131,1724011114.0
132,1724097557.0
133,1724184000.0
134,1724270442.0
135,1724356884.0
136,1724443326.0
137,1724529767.0
138,1724616208.0
139,1724702649.0
140,1724789090.0
141,1724875530.0
142,1724961970.0
143,1725048410.0
144,1725134849.0
145,1725221288.0
146,1725307727.0
147,1725394165.0
148,1725480604.0
149,1725567042.0
150,1725653480.0
151,1725739917.0
152,1725826354.0
153,1725912791.0
154,1725999228.0
155,1726085665.0
156,1726172101.0
157,1726258537.0
158,1726344973.0
159,1726431409.0
160,1726517844.0
161,1726604279.0
162,1726690714.0
163,1726777149.0
164,1726863584.0
165,1726950018.0
166,1727036452.0
167,1727122886.0
168,1727209320.0
169,1727295753.0
170,1727382187.0
171,1727468620.0
172,1727555053.0
173,1727641486.0
174,1727727918.0
175,1727814351.0
176,1727900783.0
177,1727987215.0
178,1728073647.0
179,1728160078.0
180,1728246510.0
181,1728332941.0
182,1728419372.0
183,1728505803.0
184,1728592234.0
185,1728678665.0
186,1728765095.0
187,1728851525.0
188,1728937955.0
189,1729024385.0
190,1729110815.0
191,1729197245.0
192,1729283674.0
193,1729370104.0
194,1729456533.0
195,1729542962.0
196,1729629391.0
197,1729715820.0
198,1729802248.0
199,1729888677.0
200,1729975105.0
201,1730061533.0
202,1730147961.0
203,1730234389.0
204,1730320817.0
205,1730407245.0
206,1730493672.0
207,1730580099.0
208,1730670127.0
209,1730756554.0
210,1730842981.0
211,1730929407.0
212,1731015834.0
213,1731102261.0
214,1731188687.0
215,1731275114.0
216,1731361540.0
217,1731447966.0
218,1731534392.0
219,1731620818.0
220,1731707243.0
221,1731793669.0
222,1731880095.0
223,1731966520.0
224,1732052945.0
225,1732139370.0
226,1732225796.0
227,1732312220.0
228,1732398645.0
229,1732485070.0
230,1732571495.0
231,1732657919.0
232,1732744344.0
233,1732830768.0
234,1732917192.0
235,1733003616.0
236,1733090040.0
237,1733176464.0
238,1733262888.0
239,1733349312.0
240,1733435735.0
241,1733522159.0
242,1733608582.0
243,1733695005.0
244,1733781429.0
245,1733867852.0
246,1733954275.0
247,1734040698.0
248,1734127120.0
249,1734213543.0
250,1734299966.0
251,1734386388.0
252,1734472811.0
253,1734559233.0
254,1734645655.0
255,1734732078.0
256,1734818500.0
257,1734904922.0
258,1734991344.0
259,1735077766.0
260,1735164187.0
261,1735250609.0
262,1735337031.0
263,1735423452.0
264,1735509874.0
265,1735596295.0
266,1735682716.0
267,1735769137.0
268,1735855559.0
269,1735941980.0
270,1736028401.0
271,1736114821.0
272,1736201242.0
273,1736287663.0
274,1736374084.0
275,1736460504.0
276,1736546925.0
277,1736633345.0
278,1736719766.0
279,1736806186.0
280,1736892606.0
281,1736979026.0
282,1737065446.0
283,1737151866.0
284,1737238286.0
285,1737324706.0
286,1737411126.0
287,1737497546.0
288,1737583965.0
289,1737670385.0
290,1737756804.0
291,1737843224.0
292,1737929643.0
293,1738016062.0
294,1738102482.0
295,1738188901.0
296,1738275320.0
297,1738361739.0
298,1738448158.0
299,1738534577.0
300,1738620996.0
301,1738707415.0
302,1738793833.0
303,1738880252.0
304,1738966671.0
305,1739053089.0
306,1739139508.0
307,1739225926.0
308,1739312345.0
309,1739398763.0
310,1739485181.0
311,1739571599.0
312,1739658017.0
313,1739744436.0
314,1739830854.0
315,1739917272.0
316,1740003689.0
317,1740090107.0
318,1740176525.0
319,1740262943.0
320,1740349361.0
321,1740435778.0
322,1740522196.0
323,1740608613.0
324,1740695031.0
325,1740781448.0
326,1740867865.0
327,1740954283.0
328,1741040700.0
329,1741127117.0
330,1741213534.0
331,1741299951.0
332,1741386369.0
333,1741472786.0
334,1741555602.0
335,1741642019.0
336,1741728436.0
337,1741814853.0
338,1741901270.0
339,1741987686.0
340,1742074103.0
341,1742160520.0
342,1742246936.0
343,1742333353.0
344,1742419769.0
345,1742506186.0
346,1742592602.0
347,1742679018.0
348,1742765434.0
349,1742851851.0
350,1742938267.0
351,1743024683.0
352,1743111099.0
353,1743197515.0
354,1743283931.0
355,1743370347.0
356,1743456763.0
357,1743543179.0
358,1743629595.0
359,1743716010.0
360,1743802426.0
361,1743888842.0
362,1743975257.0
363,1744061673.0
364,1744148088.0
